frame_name,x,y,points,frame,video_name,subject
frame_0000.png,202,160,p1,0,recording_2022-08-17_trial2-arm,0
frame_0000.png,199,135,p2,0,recording_2022-08-17_trial2-arm,0
frame_0000.png,191,105,p3,0,recording_2022-08-17_trial2-arm,0
frame_0000.png,173,86,p4,0,recording_2022-08-17_trial2-arm,0
frame_0000.png,152,82,p5,0,recording_2022-08-17_trial2-arm,0
frame_0000.png,139,103,p6,0,recording_2022-08-17_trial2-arm,0
frame_0000.png,135,124,p7,0,recording_2022-08-17_trial2-arm,0
frame_0000.png,137,147,p8,0,recording_2022-08-17_trial2-arm,0
frame_0000.png,144,169,p9,0,recording_2022-08-17_trial2-arm,0
