frame_no,theta_0,theta_1,theta_2,theta_3,theta_4,theta_5,theta_6,theta_7
0,0.0,3.955749046558227,8.069345131468744,19.5281929431824,16.37934506841504,15.142897586559313,12.92675539678581,8.655742772200194
1,0.0,3.343351193340708,8.63459071006784,19.87388039481825,16.123352314440798,15.104922632583026,12.923708132633342,8.62799827994559
2,0.0,2.800325126110748,9.011471128453069,19.90701415913384,16.09243671892419,15.075558424753856,12.860370687820904,8.550242406871583
3,0.0,2.5584410285940664,9.572926734314992,19.850194618786134,16.02711574507511,14.972950100591683,12.874358796373077,8.673496388689395
4,0.0,2.210724453213077,9.886974192574256,19.91365973362188,16.35019038963282,14.84196422823788,12.946529226419193,8.636758789656533
5,0.0,2.1243628944185096,9.95768396922562,19.801712298965377,15.970731086423395,14.93129236648208,12.875689892705644,8.553633380434249
6,0.0,2.0016763224677634,10.096450692464652,19.79490770553706,16.01050930091585,14.862974169437456,12.853957341647307,8.781597150851628
7,0.0,1.878435979172297,10.22636891986344,19.800480536200624,16.051701006601288,14.803422828969936,12.841725461885966,8.896431239720917
8,0.0,1.784358432743312,10.404848960751556,19.7491676888734,16.012627159703616,14.801117592091432,12.801136485899638,8.895072547338488
9,0.0,1.7081096352365628,10.568383044005143,19.66768194473448,15.999114171558396,14.793515505668376,12.773186042113938,8.836540986881571
10,0.0,1.666305485647963,10.64146808874646,19.61928615890508,16.06018390254642,14.7596075065236,12.770121586755316,8.883915990125383
11,0.0,1.627046786747439,10.746467274808095,19.515307390675435,16.07388210063281,14.782992103276005,12.83647595059636,8.891282816708141
12,0.0,1.3460354208994565,10.81184250464625,19.571302365414656,16.002245313472333,14.833559540292498,12.801901979962896,8.874704456646297
13,0.0,1.4731217979557834,10.868579357257891,19.571996718169235,16.023027571141874,14.815389031828463,12.827243204221311,8.926295246441134
14,0.0,1.4731217979557834,10.868579357257891,19.571996718169235,16.023027571141874,14.815389031828463,12.827243204221311,8.926295246441134
15,0.0,1.3022359199693363,10.880208243389404,19.54480594044178,15.962164356496745,14.866063244813065,12.862703620098111,8.740749999303196
16,0.0,1.2613105710765082,10.941143470619508,19.58050004794553,15.886695139967484,14.883360136614003,12.80675819016129,8.789810104485634
17,0.0,1.1877363541751669,10.882991762806263,19.66436532848521,15.960605883898252,14.92371928617009,12.849690378183308,8.837251166777998
18,0.0,1.122993693481408,11.031198348870136,19.63748802015318,15.919509998932291,14.806790601366234,12.839905661839524,8.881990976981887
19,0.0,1.071705987382367,11.109089643811147,19.61287465928416,15.944223169142292,14.796345686157816,12.75920880739376,8.824134001382102
20,0.0,1.0219312615933298,11.16213132150616,19.56939878146176,16.043579479249843,14.728539814561463,12.801059049306737,8.838468099634813
21,0.0,1.0008823052065332,11.14073089511125,19.607416114155114,16.1910079100837,14.779676688860008,12.768288886076132,8.835167222824673
22,0.0,1.062784007810473,11.147928749702515,19.46118272087689,16.272514414462307,14.78126294056398,12.786677444228378,8.963841505965998
23,0.0,1.0273522844409495,11.134690101190708,19.51413021436717,16.209060601360143,14.684079808977438,12.803832619794903,8.936114827427094
24,0.0,0.9967432196608008,11.145716162968322,19.594565333662548,16.21517787060227,14.790420712605782,12.754772695671669,8.85959158687456
25,0.0,1.024041987164123,11.216696744645398,19.533366737060387,15.96270725741758,14.828423938223544,12.74005178015191,8.76446363415086
26,0.0,1.1583047758089084,11.157830034204643,19.560366419953585,15.76030078309821,14.856930151418911,12.864117070404808,8.62988878901188
27,0.0,0.8500754554747461,11.117941379704847,19.45991940149869,16.180639453188334,14.989277738744205,12.940172393870354,8.627402176876304
28,0.0,1.010946962050291,11.15471983945036,19.42172997063575,16.357830455069013,14.826472013528631,12.88311084631971,8.71786689115676
29,0.0,1.0019536405275846,11.145654014874369,19.49142130402191,16.285317731033132,15.046276582258452,12.810545892852204,8.576486706276869
30,0.0,0.8322249434055132,10.947523196178592,19.64886927408481,16.231083754431378,15.307609431555834,13.083432858809267,8.892330249609257
31,0.0,0.7110783706429442,10.57830265989378,19.58775548693909,16.76232006078603,15.68987831096316,12.883226997740929,8.527210065849111
32,0.0,1.2157612193994318,10.488174785664077,19.88508355526166,17.237467311030233,16.139480881685586,13.104222921394449,8.895207727332338
33,0.0,1.1143099246824872,9.569178516094707,20.60587764321908,18.01601988906856,17.133177678223234,13.407245906309416,9.197294354170122
34,0.0,2.0433287771275044,9.23289565566428,20.690213030410504,17.24880443623984,17.563255329479205,13.638163508192935,8.866451488445735
35,0.0,2.8719965463292234,8.97860551712863,20.271554269691983,16.138414848390475,17.741907817846737,13.989220512851285,9.304973227112525
36,0.0,3.663137233117014,9.095117773527194,19.211479141698888,14.654842630668778,17.97530406837192,15.658085472337518,11.442278598890177
37,0.0,5.041172478502853,9.395890987083058,19.09645364299664,13.626224639494737,17.669334578050147,16.11444176074801,12.81349668038506
38,0.0,6.005876931533721,10.07841764843898,18.761884248590928,13.99206097982928,17.631071224127247,15.874533628494287,12.721990941547874
39,0.0,6.859763592561276,10.736208228168396,19.69030921040476,14.354743924969622,17.399681392552175,17.116739757345663,14.153840321237135
40,0.0,7.278098486453668,10.374810605535885,20.27721624048276,14.531374075782017,17.199222730460466,17.52969796907958,14.906242547495706
41,0.0,7.553399462037838,10.59165586746006,20.42847594460164,14.250708165061347,16.708610795457293,17.672312969253554,15.476336544363573
42,0.0,7.901843746108068,10.569990069526398,20.536036373309752,13.84280268949426,15.951662511925022,17.77775007651102,15.876101765069844
43,0.0,8.241075613671056,10.492155422292411,20.19525384977993,13.768694674940605,15.957012911194436,17.68596545541129,16.435247858595048
44,0.0,8.54895169324238,10.200431133783956,20.08250537344323,13.670820714830851,15.843256729942398,17.333455195382474,16.548401990022537
45,0.0,9.20989641456297,9.48170271756376,18.657065389243705,13.666463544136548,16.785068817773215,17.47498250760458,15.195777132237591
46,0.0,8.775653460797589,8.708456622849857,17.35075372024984,14.722975856935395,18.154078099011286,17.01165853781676,14.07594254801676
47,0.0,7.790713307869637,7.780749021103672,18.06784094507478,15.145930507719962,19.25816191553288,16.15476963140756,12.915604838296389
48,0.0,6.514277797303769,5.768637340984795,19.14487937454302,16.67093583740069,19.72610593438225,14.650813356674062,10.35523442906308
49,0.0,6.143948419088741,4.635977097671436,20.328989555087364,17.748050277766342,20.37810780095036,14.158283996396278,8.673801962606047
50,0.0,6.491000806938968,3.872795388361904,21.0695928442203,18.17318728339672,20.441061915096544,13.856124035191582,7.257468451388251
51,0.0,6.87882151631622,4.722856084356752,21.476184960504387,17.883728294021594,18.82994420976094,13.050917162716958,7.059238907084366
52,0.0,7.171973122315366,4.882496186218066,21.74174808396678,17.852322631393744,17.912992183164366,12.403190808047013,7.034038244978901
53,0.0,7.631988099009384,4.67415563234576,21.24606357595029,17.922006157819037,17.34701151140825,12.1790671954035,7.150133525155619
54,0.0,8.140315522813687,4.725126958269531,21.25402189576322,17.841218760929653,17.394677017882902,11.828417076539086,6.81857877471005
55,0.0,8.564197364373486,4.143364193494811,20.98455726796749,17.708906825975966,17.53540676853657,12.191221592255834,7.090850157020457
56,0.0,8.488975235154966,3.2825107955573465,21.04615528837626,18.209694139391377,17.884234246469955,12.109522893392212,6.807292687608095
57,0.0,7.550440493600893,3.147382603415834,21.35122786513267,17.499341215934727,18.53326048334769,13.405845638506015,8.140886105591717
58,0.0,6.999677363560793,3.51318727171882,21.025478381252288,16.758672077853063,18.26896019131584,14.339394931959642,9.267047893353514
59,0.0,7.2427321520307055,3.885057597687013,20.3729467048322,15.83653723413034,17.592928104319192,14.91330283675621,10.384890981815383
60,0.0,7.313635611339806,5.750760344826001,19.517568970991185,14.946463367130734,18.60596091243918,15.92387191816265,11.57065497004449
61,0.0,7.638347666746327,6.902724102643771,18.74050108456452,15.280701406405951,18.12428866959501,15.926623553455713,12.149568000695728
62,0.0,7.992793227716443,7.673202361567982,17.87216442276513,15.286169363233544,18.47664478344369,16.301072100060804,12.39514582668864
63,0.0,8.019241087686284,8.225670813162214,18.095124336297296,15.272386266144451,18.21986850595818,17.45905624175832,13.831761891696416
64,0.0,7.779494138838848,9.261283368823634,17.94097598539344,14.931594250161991,17.80841788076762,17.799731483972888,14.270780290676546
65,0.0,7.618806145518869,10.096659532424566,17.97564618167529,15.01393979360315,17.376444337935126,18.07637192313152,14.411316002940731
66,0.0,7.497990124220248,10.692028973359808,17.971527647743816,15.263470561007107,16.999873425118587,17.94522501819953,14.322003516572634
67,0.0,7.243740786829231,11.11705758830554,18.33695899814444,15.339025979153744,16.5619245314177,17.977353597216926,14.357884440696736
68,0.0,7.149664535475136,11.437284484050672,18.4423118221852,15.295325724715404,16.36275746869019,17.95334304503827,14.41725655446165
69,0.0,7.106185642789758,12.023263895886044,18.34494944455428,15.069775003720096,16.696471190220414,18.365571381709213,14.84678567810844
70,0.0,6.689040876921873,12.253925725032474,18.415412697075883,15.02564038156166,16.710680443275354,18.18841997395703,15.182814709862631
71,0.0,6.410179443536606,12.24607192292006,18.59327747992584,14.987579288435516,17.280925542239267,18.07840183852308,15.14727076661495
72,0.0,6.627090962382883,11.542112257399577,18.53961794318356,15.549950350532226,17.62556544217846,17.544241325037294,13.79367491043343
73,0.0,7.040188520102987,10.86228009422024,17.958626961203223,15.556855821675423,17.68107226141878,17.338149739388236,12.733697604263666
74,0.0,5.808907141399676,9.624176487411406,17.312965112867893,15.72909609882819,18.95746928847537,16.89906574034616,11.920934070471835
75,0.0,4.043673671601007,7.749565970744196,18.61759513014206,16.904424974371963,20.90031681979876,16.01211594821879,10.46366763544712
76,0.0,3.6427156734337207,6.76355258588231,19.768000656928745,17.31732474198132,21.08085124596833,15.216398932849858,9.538462338424312
77,0.0,3.2552339461737456,6.197712699102161,20.582613712728342,17.147162744436013,20.62503453866758,15.154408660991784,9.218050892698846
78,0.0,3.8290068115667113,6.147536193417612,21.42906167380229,17.384270722225676,20.372288648265386,14.462763052902917,7.764694561790757
79,0.0,4.139926430853789,5.967535899811214,21.82634581684596,17.734399914805685,19.88455281644307,13.838111296681005,7.098877394958411
80,0.0,4.578632795644513,6.070047794478811,21.503071804149474,17.81522725964044,19.65872878574981,13.453832383760805,6.898345757173754
81,0.0,4.9538092036660615,6.647600394453463,21.371971656596816,17.811437995301258,18.60427384265025,12.697648230481684,6.830299588091832
82,0.0,5.055789011699696,6.844210276681191,21.252998555571867,17.978873918652457,18.021365154711944,12.17797008258304,7.072887398465839
83,0.0,4.997179277235868,7.15825678504794,21.13470999403634,17.987736713575764,17.806795411940424,12.025318981983895,7.319323261993166
84,0.0,5.860830562323837,6.342562994494373,21.12094751792957,18.23580208878379,17.861100408263425,12.016035943937288,7.40846330300532
85,0.0,6.710163527334775,5.394262818135782,21.15882220256989,17.70563214026844,18.26165205409436,12.467868258655995,7.227942747320423
86,0.0,6.86339506857181,4.725017574190054,21.178926107813247,17.78025581779236,18.26273613214845,12.52266602346354,7.358211127237166
87,0.0,6.7908513737847205,4.660420751414048,20.31755844048419,16.621509655317105,17.980046868523708,14.365206305934384,9.34306763575872
88,0.0,6.833230646286678,4.607246984701806,19.86577783536254,15.937211083358068,17.66246539725154,15.06435933353918,10.306654364147548
89,0.0,6.255327316944707,5.4816107200436175,19.788278207975708,15.39460447578794,18.644596467085123,15.284806355321988,11.153500816624646
90,0.0,6.544815235383583,6.659234525624043,19.09578834979188,15.142271704067149,18.843999836572262,15.662485410807774,12.208381061575624
91,0.0,6.954228867971012,7.087308739126268,18.59079549259348,15.502004120675124,18.837952665628617,15.741211994343107,12.443988968623968
92,0.0,7.091906449737508,7.513355077746385,17.582630906497165,15.376030434184887,19.314523555206023,16.508722346147135,13.158761209844556
93,0.0,7.05295282756792,8.277463300190087,17.641009783706068,15.08733615754292,18.922813414171,16.930270130020297,13.655529745161802
94,0.0,7.006371271134398,8.838348314658392,17.708645178625897,14.892882289535068,18.14600485329296,17.608558632277543,13.852207079855344
95,0.0,6.6551703161591735,9.270050549181208,17.835732194753888,15.127434584975177,17.73119795781689,17.876253087122333,13.936212426301916
96,0.0,6.143129290195141,9.51450270649664,18.460811485986977,15.227972226176387,17.293764566120924,18.18076199813642,14.054928496301844
97,0.0,5.714740070913748,9.622373807487772,18.96644532033001,15.233909059151156,17.104712234078864,18.15546060181644,14.105549602087368
98,0.0,5.313030866768751,9.896611246043738,19.249234500119208,15.354017476640829,16.89493511733875,18.14714473984976,14.266557506966471
99,0.0,5.18012715450466,10.3514284212297,20.21188485114177,15.256237409996707,16.494638400511757,17.835658313849823,14.368614683646651
100,0.0,5.361203668282693,10.441315145356588,20.24835458860456,15.059395922289696,16.442163180855385,17.982727720583277,14.38025521046066
101,0.0,5.281438297395355,10.744048702224823,20.21949780399904,15.162032577280296,16.87728494210925,18.00722767617265,14.795671677936594
102,0.0,5.87205714385099,10.432229872168753,19.1479479772224,15.111013838632536,17.711405685418477,17.883784737712492,13.68337102043108
103,0.0,5.952188586898106,10.0960612806401,18.570181500319244,15.684730355407284,17.939890947099272,17.58560037563164,12.38254487067806
104,0.0,6.447731843122633,9.377745877055732,18.37450536598511,16.138462935271722,18.101045305457017,16.994837760788446,11.38057830040752
105,0.0,5.67076398661744,8.151999223429689,18.466368098522945,15.809198157392975,18.85677565367037,16.551224140734615,11.201838250522576
106,0.0,5.130019545636411,7.170353016010553,19.186055665364847,15.98182247449094,19.955446778602063,16.044304496637253,10.896597675179152
107,0.0,5.138179884514372,6.125950356516822,19.463650872103123,16.54143822720399,20.19715794280175,14.84354392666596,9.693443040821233
108,0.0,4.517587270719965,5.877274573403409,20.56800692763465,17.475602344094032,20.54474301195208,14.420203070904174,8.843976003922556
109,0.0,4.7327452033594986,5.540757528673165,21.04778645331735,17.67721987223809,20.295496322717803,13.686364208997992,7.378534201257179
110,0.0,5.425988021127653,5.417162481387747,21.67682306700616,18.05570107602115,19.514055424638045,13.354209208973124,6.660955322073811
111,0.0,6.503134710580145,5.106479761553525,21.82235768005362,17.969984248046504,18.66427253536712,12.643224894731867,6.1600596920380575
112,0.0,7.346853517533512,4.375337027329332,21.69491008122542,18.052329171566285,18.541669565466144,12.588042658785964,6.218652937053843
113,0.0,7.963074126595061,3.692224853283254,21.75194741648508,18.15223098141617,18.473595356742784,12.556648338126571,6.347448868980496
114,0.0,8.369551386019477,3.090584950056744,21.754533745658154,18.26270928362291,18.44557927445936,12.615895482625207,6.677591136693225
115,0.0,8.519755687197714,2.792571463178485,21.80445019520289,18.36165102931182,18.43726315407048,12.627666680286074,6.838370933512709
116,0.0,8.759846561458183,2.607971189481681,21.714187286482417,18.54546538087144,18.667602855491456,12.805057465229153,7.065651495850185
117,0.0,8.87362555582809,2.3275597026497934,21.44387812176788,18.669803613391235,18.51945861915992,12.7560608935838,7.3245870488981
118,0.0,8.728829017824596,2.1942334291138166,21.491474725709185,19.03026965878878,18.39303488898847,12.743937274623544,7.641390284357373
119,0.0,8.789789182720975,2.0588271810526497,21.46128005138376,18.763518734232573,18.643336753903043,13.151445843035052,7.594083954145888
120,0.0,8.446286278657388,2.2600647848914788,20.6948489961407,18.24470276224769,18.60159409180275,13.367729863982248,8.11396488750065
121,0.0,8.048595849362263,2.569495150965293,20.86401705730346,17.91717521851566,18.76427827901749,13.516410325241518,8.366235602618142
122,0.0,7.288628833417592,2.831433597902867,21.08529640140989,17.460248505525595,19.0862928460554,13.722795947099591,8.366441358267535
123,0.0,6.388013523506187,3.5494328749972848,21.151223901264856,16.277965665957577,19.048096003800385,14.392395323655949,8.68106032041652
124,0.0,6.135699625919028,3.962702691332975,21.11633362391344,15.451210939441808,19.233391631180137,14.544183297340604,8.748579788945886
125,0.0,5.752077815807829,4.412540486409746,21.130705450417548,15.193866731174856,19.454180991547084,14.574569515511929,8.63020128417382
126,0.0,5.221767233179211,4.818058337924002,21.234860381447906,15.159925722011536,19.34455400830598,14.263487926106434,8.43396853277549
127,0.0,4.92892860164676,5.29067302284137,21.136805898093563,15.086329756807825,19.442155091072056,14.188738036721558,8.436450737178134
128,0.0,4.497710613028825,5.707181781545022,21.241745563864125,15.15902807043706,19.548365094984053,14.21304239702678,8.474809085383013
129,0.0,4.30994237886469,5.9951593725558,21.216764906194232,15.222516277648086,19.85833576815439,14.492548445009714,8.398453834710908
130,0.0,4.063566823747799,6.079026235602511,21.38119134007711,15.68727421288734,19.95979832397711,14.362869887431456,8.530547880524155
131,0.0,3.9330949950373313,6.267837694476677,21.410134765054583,16.184145211576094,19.93012472219985,14.186368821061016,8.440831109080692
132,0.0,3.718061833366346,6.1602572675998415,21.47669504668246,16.701262114672332,19.993318609492206,13.749402475701144,8.302653380855732
133,0.0,3.4363073353058886,6.077873489628137,21.42319933281042,17.062887358130553,19.89814184292953,13.370820764351594,7.934449015901062
134,0.0,3.39081441877563,6.109776771634776,21.65186134034157,17.533839937793775,19.6763358178922,13.07192179362906,8.155436224384284
135,0.0,3.3792375032994766,6.198799307156738,22.18508916064713,18.145183342561,19.49666007148097,12.778518831649825,7.911695819689252
136,0.0,3.4595588950432727,6.595131786971812,22.386479096788104,17.810813577766993,19.674373245519096,12.711295791826643,7.39075239489597
137,0.0,4.170851892541863,7.131226306191353,21.997284847287283,17.18331192081599,19.27195875777016,12.41694960876838,7.227563735425109
138,0.0,5.087998256037961,7.077593961462215,21.893809528229543,16.789364638295286,18.709289496257107,12.31781300203666,6.844263941014919
139,0.0,6.06657334262723,6.366100793475136,21.68695955890732,16.608842358432238,18.51180042177344,12.301839660426676,6.598309780244197
140,0.0,7.440706275538868,5.453707301772545,21.32615224704951,16.569596054941993,18.13641574851604,12.269636440672157,6.5452805709889805
141,0.0,8.320554826330655,4.570567662731391,21.262753700228853,16.711629319534012,18.107966891410936,12.350316924007986,6.7314711676524
142,0.0,8.920786273733167,3.783772439981429,21.251961062876536,16.910593639591234,18.148405216772364,12.257748188926874,6.836736183136459
143,0.0,9.25007161787702,3.4730955954471034,21.287310512626856,16.822517297356505,17.78772562554656,12.29231335886817,7.288837186108127
144,0.0,9.22037266441266,2.758144120151421,20.992091606338263,17.282430714920192,18.0266976475403,13.113007372330744,7.939523600177951
145,0.0,9.124327702734064,2.70092741978185,20.722465520045365,17.654092594230786,18.12301094802909,13.36490661553343,8.035477621945041
146,0.0,8.593656543965086,2.648676579449152,20.86388163408934,17.365661055824134,18.49870603149948,13.553768142412574,8.065115105760826
147,0.0,7.919814310422569,3.2413465976348745,20.97624402530823,16.558834890679783,18.50702945981021,14.031551406490223,8.344961513739692
148,0.0,7.4098739096743635,3.5661475458841454,20.830521377238743,15.682578193550238,18.67220404630525,14.401596726381635,8.646664219460472
149,0.0,7.223372604771402,4.0445779995254405,20.96144495118156,15.186532348823356,18.56296737807505,14.34701158822067,8.626578551127183
150,0.0,6.543092301896862,4.763821519035117,20.60009984564028,14.995440501029998,17.949678487652832,13.92919145032516,8.443907192914624
151,0.0,5.841038312749167,5.278689805934267,20.45457207220862,15.4922889395364,17.663113208402844,13.765791870074327,8.545295934291818
152,0.0,5.212865297604761,5.752867231188719,20.31734439920057,15.964436276015636,17.05699466414545,13.768288568516589,8.686881896541719
153,0.0,5.052722229323548,6.320587765063297,20.414815104729183,16.70490295810965,16.680509918846816,13.953732778739258,8.89649169715823
154,0.0,4.357719550615306,6.397369282804712,20.66927066017597,16.863448156926644,17.25510269503639,14.21734649100857,9.025798937632596
155,0.0,3.943930554099973,6.476445892030638,21.022479410153533,16.976674459033227,17.581751642810264,14.283365135224043,9.365418958499978
156,0.0,3.724108573914117,6.146869204487798,20.98805783711887,17.458320301701043,18.03166022088784,14.12590595736602,9.117965051887191
157,0.0,3.5450024642695754,6.098251473772563,20.94482257575455,17.85489271222248,18.16532794548617,13.92592468558808,8.90004394652194
158,0.0,2.9587318907495,6.075359683498517,21.39149689783244,17.937842749650788,18.62741821604373,13.51846350277875,8.690143382461503
159,0.0,2.9979424054338497,6.527503250211307,21.85424160141864,18.25562689576161,18.529069790565263,12.771053631457796,8.249172136758638
160,0.0,2.994224895100192,6.437373363325829,21.962004109029056,18.943292105077845,18.27712154415968,12.773654158491484,7.887687263661187
161,0.0,2.933860608054622,6.675409075229823,22.014468199705963,18.82950545528168,18.758764434169105,12.83891028254159,7.929460497689517
162,0.0,3.650367443830369,7.022021033484097,21.964024262940576,18.134146945686,18.79105192682921,12.799937227348336,7.591473317543893
163,0.0,4.13115580690642,7.276018936327078,21.814401593318934,17.60392943774748,18.541424165431422,12.698095174840356,7.384445246129519
164,0.0,4.5420663340149545,7.198344097705672,21.544117527967103,17.554787952553447,18.485659886414577,12.703142485465031,7.63553373377075
165,0.0,5.094275432167358,6.8932565645354575,21.3891588970732,17.39999291045148,18.41721092807316,12.784016237007936,7.94175371828416
166,0.0,5.144865476952811,6.843286379842977,21.43721525920232,17.26048438415304,18.794221246409613,13.208075009696108,8.281400567406472
167,0.0,4.868241286488924,7.163839631460746,21.659068866679647,17.243573384726975,18.46887405438648,13.080959718817867,8.279457079198412
168,0.0,4.584552524245194,6.939477765372515,21.251136912405045,16.90523520686223,18.31097211854233,13.405852360918242,8.57149019226315
169,0.0,4.438532218048598,7.064401699153492,20.803112394825565,16.504511216142657,18.585311659906168,13.844057166893338,8.498188860693224
170,0.0,4.328401711198666,7.064281356561028,20.89586249350065,16.12573729456645,18.845400549425147,14.256622621170864,8.486106733892502
171,0.0,4.403186541730684,6.971724103719362,20.643790636209875,15.275888369183244,18.266680680838416,14.05216880968045,8.390228261177842
172,0.0,4.202920001924937,7.388783502870783,20.55199730565979,14.854469558508768,18.2881007812126,14.062921953072037,8.47817246144357
173,0.0,3.884814227536568,7.656089094568438,20.35401909276019,14.514388289848336,18.13765165562028,13.957690961434672,8.607488728979826
174,0.0,3.18027941777236,7.436436710492879,20.17951389707484,15.735982020938826,17.24644192843243,13.734419345606415,8.677568473580802
175,0.0,2.842363731526756,7.511515409007518,20.0334359347299,16.457012407258887,16.70879183407817,13.73894717083107,8.95646953671857
176,0.0,2.805832754594114,7.85415485990898,19.78260094681432,16.900084336864605,16.1485409167279,13.74547134411022,9.086125985368469
177,0.0,3.2909876172105936,8.370839560232579,19.96271598076148,17.473353872441454,15.639250934295118,13.671731688265568,8.787071820456013
178,0.0,3.377122504135744,8.310872192745949,19.862902485907256,17.45093486105776,15.850158346554451,13.980616192503732,8.636340577931685
179,0.0,2.960569360338169,7.790970834482811,20.275961492400004,17.402190791496285,17.007811759912816,14.48400671246942,8.728345239491974
180,0.0,2.267840561436149,7.42078678724124,20.829280575185624,17.97492018902354,17.96734093372178,14.028482923054748,8.65576196764696
181,0.0,2.071714933511775,7.373194446233069,21.42650614684331,18.7051409562511,18.61984187710538,12.9844432907709,8.131077255302628
182,0.0,2.488777418480907,7.881968136180077,21.867228154639832,18.58403305740936,18.220976102667898,12.5712777809339,8.158748979947962
183,0.0,2.649923875028381,8.047248539970283,22.13116004968143,17.934743542718618,18.6383650474309,12.902050208840214,7.868353056126822
184,0.0,2.77227089521512,7.995965389355717,22.16207309492249,17.589420348343573,18.91516837488268,13.003066376303874,7.806143454136481
185,0.0,2.792980621106565,7.965638459864657,22.29113680451767,17.502920822688782,19.10384041676646,13.381417638461292,7.857387218718922
186,0.0,2.998179166614094,8.214415747093634,22.03079005233389,17.13779725750815,19.186172654727905,13.49929226032094,7.971176948207958
187,0.0,3.161817603964906,8.180442171356361,21.8325159786268,17.14451973580618,19.214999461407,13.573810614649547,8.07888503639724
188,0.0,3.223172861882404,8.134863237314738,21.79825520201578,17.214244682510714,19.310433131645105,13.439130769636924,7.7538062423016605
189,0.0,3.1915752673748297,8.11806561463721,21.81712504604477,17.2951817973133,19.34891604303152,13.309253536702922,7.69517496595644
190,0.0,3.1915752673748297,8.11806561463721,21.81712504604477,17.2951817973133,19.34891604303152,13.309253536702922,7.69517496595644
191,0.0,3.228673920807266,8.138699656370688,21.901803868713888,17.23955758508905,19.249106181294906,13.279253921566829,7.711213256698399
192,0.0,4.784521895368059,8.185587971755886,19.324698115178773,15.423409289255948,18.507929182938945,14.252382596593092,11.241181576847312
193,0.0,5.867345261140155,8.250677976547166,18.628778173046083,15.414027825170896,18.709686308148537,13.9771209790194,12.124885966414626
194,0.0,5.907460620428972,7.932747841103526,18.78054981569584,15.72245497062844,19.26273978929293,13.531292190159332,12.21507923890272
195,0.0,6.356821012211562,7.728375825931109,19.069483786634983,15.448665899542116,19.4063489332441,12.719419569416967,12.41662272635433
196,0.0,6.989839714001181,7.638697003724108,19.01636150765604,14.829135910054426,19.92697363396161,12.353413939699456,11.89325592159895
197,0.0,7.143470132429034,7.53491871856655,19.022707902307552,14.772392879776104,19.850278316584284,12.43199637405213,11.832581849099885
198,0.0,7.3298698892542,7.479953223412228,18.98764971393744,14.764446480052658,19.945412942874945,12.537779707404647,11.699456010341464
199,0.0,7.330204639999627,7.660972168040644,18.896353940812933,14.737687900373787,19.55252923589221,12.55417675576404,11.720051102171652
200,0.0,7.246692934388366,7.822771512813294,18.84678012760536,14.691279500965852,19.568654165594324,12.659414106943322,11.904548432328
201,0.0,7.200099456993856,7.707975895092689,18.85178119260332,14.563295294681971,19.547597963774297,13.118784030816192,12.409105438654684
202,0.0,7.036685236627201,7.275656009708935,18.917280169018863,14.495061662821804,19.44904884170097,13.06786103253364,12.761205699763286
203,0.0,7.279576156238783,7.06564777197038,18.767074850443034,14.431147797900437,19.19494464629339,13.123564979857788,12.805794151627648
204,0.0,6.859691177040215,7.265196381009919,18.26954812957024,14.623387414022528,18.669577306621694,13.39719101885316,13.610674059915375
205,0.0,6.621036808373651,7.348025089910501,18.239948855327707,14.511316444000425,18.28219556361487,13.916193470109132,13.91675425983978
206,0.0,6.568270701330879,7.460785273003171,18.04770797334234,14.366844860171977,18.316858199565687,13.875918381046672,13.891402230556618
207,0.0,7.024646878374343,8.316679081034964,17.887666650098698,14.367595250345676,18.01011335435282,14.317389942872424,14.032496900310882
208,0.0,6.997960315899987,9.06503727837492,17.396749763383163,14.577859474817044,17.793975300377078,14.600564763762089,14.421642506775344
209,0.0,6.732944300996503,9.906172267105566,17.326252508598117,14.75766933798796,17.365722427529942,14.587288268922782,14.775662736441385
210,0.0,6.968235758384958,11.231294539424129,16.18224760254122,14.953787169042675,17.621032307496783,15.153484485602142,15.77166473983964
211,0.0,6.859185640489076,12.121856762757478,15.464622010126984,14.92840968702273,17.427761755427294,15.322983864788917,16.18547488123937
212,0.0,6.842986378314038,12.627386901200978,14.866300074042638,14.922888891458664,17.343225594275157,15.423644320453617,16.34714236024695
213,0.0,6.630898397581563,13.230595031702114,14.877754892593549,14.883510002984949,17.257016118983238,15.571269519493791,16.320636638069157
214,0.0,6.153722001361567,13.563991129231653,14.632449100797809,15.100430825839736,17.252741748239163,15.47871525685574,16.218850929037483
215,0.0,5.819717938152608,12.644490531343878,15.096542743612307,15.190780899050406,17.207112971472526,15.386444810567138,15.703688897063843
216,0.0,5.4188954769680695,10.60475339131803,16.473931475232025,15.377242411063536,18.08962564878382,14.829705412808302,14.080156784429434
217,0.0,4.9085587732273686,9.135311674389976,17.502108284664697,15.813754452209814,18.681608548636586,14.437886756897475,13.730796040413704
218,0.0,4.843225453913984,8.373132586253984,18.39040329776208,16.181092472170317,18.863058689347472,14.120741693014237,13.4208574085549
219,0.0,5.4373417186748645,7.283879022283562,19.332679449165312,16.558810544649003,19.723090818699426,13.460293142205389,12.732447036853433
220,0.0,5.575993812691746,6.985212263651986,19.57927573731025,16.263572230096084,20.44047328866188,13.019053241314994,12.453643558332812
221,0.0,5.919088389630415,6.811682890431428,19.523374484154026,15.972044874827535,20.741471051446982,12.882409437916795,12.310870265685782
222,0.0,6.153757141052104,6.728113191333217,19.465703875501603,15.965490920370456,20.877333132893128,12.990481217453944,11.765076051748558
223,0.0,6.486456395811175,6.893533222239236,19.4485353656695,15.768380802835532,20.87231582624993,12.684497530738684,11.719818102677662
224,0.0,6.718340033125482,6.934865324197789,19.438248520098856,15.411343727558162,20.67865067626554,12.540170732520272,11.492249539669796
225,0.0,6.400173717952381,6.6817956249141846,19.2250824092648,15.685140884474638,20.980895000206505,12.70444278360072,11.640478804273622
226,0.0,6.585154860713006,6.707014092729499,19.017769827037995,15.736570414697338,20.90369106081689,12.584311024655683,11.734003405002952
227,0.0,6.664662995667258,6.818292034128305,18.9796758763242,15.58340774510053,20.912765537960688,12.379586825843049,11.868857024970715
228,0.0,6.927905486733839,6.918887423633349,19.10696431889617,15.210483749042936,20.45309434151755,12.424229232780773,11.993538157089867
229,0.0,6.912929531238016,6.930760998763837,18.95412958354315,15.310808362513152,20.44669020185756,12.428222178120334,11.908199250912116
230,0.0,7.017372467806121,6.676788538337897,18.95933695870492,15.420351105482649,20.305842687030328,12.344500253155545,11.737388086815194
231,0.0,6.922506661305084,6.5828070822354325,18.969384849799944,15.532097749218144,20.94455194651145,12.215248565287364,11.791515818506864
232,0.0,6.900341155099148,6.262419622807128,19.10151449935403,15.334096651766238,21.12394793258699,12.27339007525845,11.80747571383742
233,0.0,7.314362815384211,6.402989210742697,18.951282531757325,15.064062467749585,20.661458906803617,12.204571254725314,11.64450418187828
234,0.0,7.314127631471804,6.647113106125691,18.829563642248303,14.86045872884896,20.491035160170323,12.27540713055061,11.53537793454806
235,0.0,7.296870894996153,6.639064859906083,18.57019564387985,14.85569302784288,20.69072423089129,12.305770967167517,11.334859773475811
236,0.0,7.323758148438086,6.696286174833909,18.8390243555999,14.39041240223706,20.6135657938749,12.486764542801737,11.4978808306968
237,0.0,7.732051498815979,6.78305855517583,18.62904840123531,14.337335084699482,20.19842503104508,12.38035807491165,11.625385369409448
238,0.0,7.717430090942066,7.105928949660704,18.37989919470266,14.1972858532196,20.16713256645002,12.449631119296594,11.606098468319702
239,0.0,7.803750996375156,7.181644498976665,18.02554974579328,14.190962142787424,20.31541254026327,12.404794349137507,11.51935334106165
240,0.0,8.435226117494253,7.045542629483208,17.86787126053232,14.12962476707904,19.84758409136916,12.24600054224551,11.480505132255905
241,0.0,8.596037149157306,6.864848652264286,17.795998186842226,14.176104923202058,19.82588403963044,12.264303629614949,11.546713047711496
242,0.0,8.622791795314265,6.8183582221904375,17.786860873192882,14.247360789443052,19.80499205007729,12.25184144707357,11.509104361836917
243,0.0,8.702470772175106,6.717407717744572,17.806259901276388,14.299041502856529,19.786602644427784,12.363900284473472,11.670017893649916
244,0.0,8.761899080544993,6.605052213373012,17.85482264528791,14.434004679012707,19.701155411605622,12.292957535118015,11.4193414190748
245,0.0,8.745777956650985,6.559371506058964,17.935334429587414,14.47160804569064,19.63872469489984,12.207583848278489,11.43171760134382
246,0.0,8.696068973267137,6.583379646367879,18.057243861504706,14.371323009407073,19.67457270774464,12.18567639376317,11.509399698872697
247,0.0,8.663531387252426,6.609946725878947,18.094153200011945,14.328633325501029,19.700511057857963,12.139545858324126,11.435034421585218
248,0.0,8.660513569481775,6.609632681848997,18.102421778343786,14.317478220948576,19.71248582066952,12.150863363399678,11.413462252141478
249,0.0,8.716989719712089,6.557117253564941,18.09666497205585,14.311499780904487,19.67576094137653,12.20247977625702,11.403154374512807
250,0.0,8.841811333861475,6.505980038840552,18.141521285325755,14.290751139388464,19.612962061729547,12.092945096065032,11.322851723855113
251,0.0,8.802271735176873,6.475304013058202,18.09988553116956,14.325496397025136,19.657568171471866,12.151143470861395,11.210645464351437
252,0.0,8.021440712981686,6.3289555505487,18.511853793104443,14.80010015420762,20.317802028432457,12.720735802527669,11.842444496616068
253,0.0,7.158329277058624,6.403597971090948,18.440162200469267,14.977411920234925,20.45770851834253,12.997979574847673,12.401933648720137
254,0.0,6.785377064316452,6.250472426642248,18.39187862619964,14.734056569870168,20.26511160089656,13.253883689404816,12.7886447694059
255,0.0,6.050357582624638,6.930539072010845,18.53808312423177,14.30832745493458,19.33853420689685,13.77553180716865,14.166408927102776
256,0.0,5.569959965142624,8.09559271887461,18.04452676064548,13.77799235028427,19.352566230766776,13.957598808561688,14.32327573499739
257,0.0,5.881490463903166,8.879959714610564,17.533839757164994,13.92148466527834,19.020019599460827,14.353786315915258,14.288107431543963
258,0.0,6.319734057118732,10.03379023392673,16.43856568214205,14.251387682342012,18.31087841470453,14.750391765332417,15.366056163435356
259,0.0,6.393719961572806,11.113577601781085,15.200577972412878,14.510911724440238,18.19391283608744,15.018028083046612,15.709874430294798
260,0.0,6.32021942887588,11.926454837708356,14.5906438539269,14.79299775379745,18.02321075212951,15.233842678004269,15.908614612813077
261,0.0,5.163259932476013,10.6353904267373,15.620820293222916,15.131185888539482,19.28440718258647,14.986164277295286,14.425437881457672
262,0.0,4.737078983031982,8.56552325572964,17.103430424124003,15.379006003189152,20.10962778681749,14.889174870858549,13.777736965821632
263,0.0,4.373482614344336,7.570958071393256,18.23840626649472,15.995009624176934,20.45857531459796,14.423133152036582,13.620834349410442
264,0.0,5.553981629943059,7.210434679988326,18.884407592877547,16.53483327565453,21.162444828852127,13.570979957826312,11.922741774522656
265,0.0,6.173030745206979,7.427987035449585,18.996760114778404,15.934283188763963,21.038645908228624,12.668326701893871,11.045158981189102
266,0.0,6.988201169700143,7.328829768521797,18.62489744463251,15.698791993227244,21.06067916474099,12.382402587995312,11.016027486733144
267,0.0,7.565390666463041,7.315960959349407,18.42172463270022,15.153969034571508,21.075674288753586,12.851277822083851,11.125346255449037
268,0.0,7.598104544248447,7.530297971881362,18.3766311311611,14.973932437054408,21.425899966262204,13.259515760114628,11.217340277317495
269,0.0,7.368160692608361,7.802474260841802,18.60030121371905,14.691173368142572,20.781846385565075,13.629391506356695,11.427796591298154
270,0.0,6.700960493769864,7.694158898169295,18.190984497728223,14.539358250100156,20.267817881566906,13.418387266207429,12.693931344072704
271,0.0,6.886651323651228,7.806877042183219,18.14522315042203,14.382931603482982,19.86183355506117,13.395128435987484,13.465545102968877
272,0.0,6.872856740803394,8.082288714878082,18.079734701976257,14.21004997964913,19.66884998091792,13.874549375058464,13.945756715954488
273,0.0,6.850823596493725,8.794481912619995,18.398147660580072,13.8832374004266,19.303505406846035,13.614613649347412,13.227929785343685
274,0.0,6.854079303156461,8.708306135391343,18.22415657903009,14.098822445809242,19.29585507852682,13.501753802767032,12.885125418149627
275,0.0,7.188708800483845,9.445135538326266,18.756748193987605,14.360238520669888,18.30278003882465,12.640706405171954,13.428621372040984
276,0.0,7.773120854352249,10.722739164734358,17.411608487827493,14.531993217090418,17.468834412536157,13.70780923205954,14.840833929737084
277,0.0,7.931562207709225,11.63663163028096,16.566548403591366,15.053979715177103,17.235082532765066,14.167353733612453,14.571037015017913
278,0.0,7.32523611270847,11.214631792459388,16.91035156923035,15.733626355900606,17.663960430747057,14.395390548926988,14.4704470440233
279,0.0,6.887695292085475,10.707295929934942,16.727758096455894,15.443343329587472,18.298429437039143,14.889863725565403,14.016619681079806
280,0.0,6.442809158297678,10.096276159880036,17.228115886502575,15.310405231558004,18.662018581938938,14.066477135419635,13.231811592493305
281,0.0,6.235583069518605,9.7230644722467,17.486851595716935,15.050158806054828,19.14979369090493,14.388788121164849,13.116296502521092
282,0.0,6.0321639841698085,9.532002147572047,17.785260589650832,14.728266932507438,19.203834436197223,14.07896835401354,12.933729696828342
283,0.0,6.095584483599375,9.424780971226172,17.88156365279067,14.622249664933182,19.27606351969657,14.017791410202474,12.967722901917638
284,0.0,5.983068091472435,9.323791616106554,18.07473842701475,14.599565556543125,19.243663253982657,14.038435629573195,12.970520979008372
285,0.0,6.099626602476374,8.984627734765695,18.307434750557825,15.03554801055468,19.696604569840023,14.697745078697798,13.090070171018588
286,0.0,6.0606755846085845,8.581608105709906,18.32595078551565,14.989877575367514,19.654108628783533,14.503177044114151,12.88677512714288
287,0.0,6.309768737847983,8.700958139946488,18.086958998376005,14.82991301019704,19.58778130978761,14.343269699886608,12.868027458933415
288,0.0,6.202626274967347,8.70524977402787,18.11305794554733,14.840069785688272,19.36931709585556,14.225727658375645,12.914870947604516
289,0.0,6.015155941784959,8.581534196154909,18.25601008678519,14.674997064175775,19.45286558682337,14.576220716531312,12.87571701968497
290,0.0,5.82464607726017,8.31411414559893,18.377315878972144,15.25878455077597,19.559905000464035,14.523307824877048,12.923759820550806
291,0.0,5.779399996211521,8.724751771028467,18.291879623730843,14.67827991402258,19.603255888741707,14.217794851124763,12.97180373302973
292,0.0,6.1096765204208365,9.118350430337708,18.17691504154329,14.66702312536624,19.23975705790775,14.227048291933682,13.043406315113764
293,0.0,6.233287115639416,9.17078790714132,18.074260271584183,14.93933243937213,19.23829644567416,14.229450969943231,13.011760391022824
294,0.0,6.798195094331734,10.78407586782408,19.08041161174305,15.646981526501984,16.339069888178226,13.842562656449118,14.77404990570905
295,0.0,6.917914229007228,11.494881047155094,18.5994961076341,15.73449741946586,14.20250898998919,15.016375328596917,16.877420984766008
296,0.0,6.047958325122898,10.60807371292865,19.02627005745709,16.141129699370616,15.29333888030665,14.255292119917456,15.486871039451628
297,0.0,6.687896180297673,11.121564066330308,19.76048692211119,14.092165781626909,14.77379364129049,15.497509106391142,15.67178622912346
298,0.0,7.997276444015371,10.932449692763086,16.739417820525603,10.45037441961592,17.97367056025962,18.281197790019835,17.343251814594282
299,0.0,6.988809194839228,10.250395764364184,18.38580122910208,12.70876019971982,18.199499346181508,15.71793173200484,14.808468705076075
300,0.0,6.748972106972965,9.678477950216012,18.75783384605201,13.666991296443452,18.25469405760841,15.113903359988608,14.256427208496262
301,0.0,6.633810942989896,9.48893391956216,18.682886126486487,14.021705474289266,18.329277245890086,15.080118318120618,14.252938464471493
302,0.0,6.6971659318041965,9.437969637159634,18.56824390348795,14.137863858029194,18.367485731318546,15.053981458944032,14.233108257830215
303,0.0,6.735150095431261,9.231617972527369,18.408107900593745,14.247696825789664,18.469613188464923,14.974245603790656,13.987324388541117
304,0.0,6.755200945140099,9.201181774040649,18.308381709179777,14.28351457871234,18.46624117611807,14.954498955067706,13.847422600044224
305,0.0,6.791649215443042,9.2356743662327,18.247672042178703,14.213281817021413,18.341675893284663,15.04767451677848,13.784404044701615
306,0.0,6.704517507233381,9.373484590825273,18.192436510912724,14.165837802730891,18.408959169758017,14.994758431652894,13.473092954328672
307,0.0,6.575151933556409,9.3667733580241,18.23560314175517,14.18725256803709,18.51342659994729,14.948685189097905,13.43951336114432
308,0.0,6.556030341961465,9.396834185947291,18.258310639724264,14.136492104051392,18.54222287757573,14.936548606580963,13.481435435301709
309,0.0,6.6069863916588085,9.328544394694015,18.23007925037229,14.0054463676205,18.55523870321548,14.835874109874254,13.61090423554166
310,0.0,6.736972990902575,9.288819508662836,18.22088036568988,13.900223546943844,18.625059957747304,14.763240017336116,13.71632455676478
311,0.0,6.703611857620257,9.23683160623363,18.25395326606022,13.971845732738515,18.56903537166355,14.743664622630815,13.70291870644533
312,0.0,6.724862630668193,9.214644832382552,18.143983726809346,14.035737861740824,18.507823785775987,14.815226280941722,13.835339147857775
313,0.0,6.738562460149955,9.197339496997628,18.14865630431946,14.049865952750144,18.517251368967447,14.88192466768358,13.62062591609754
314,0.0,6.733489499666944,9.20348037997705,18.135027959440595,14.020167409535192,18.54070062070045,14.809647378659292,13.641567964676518
315,0.0,6.508871913027,9.076853695596004,18.362592314969188,13.890387075200737,18.62140492608233,14.645933662782811,13.697435580628412
316,0.0,6.449391848322049,8.907909307188588,18.3857453314392,13.73311223475785,18.78366582334682,14.774336238575266,13.835686783849052
317,0.0,6.279267280957908,8.864313739513097,18.50046292727497,13.748372975919876,18.87753177074037,14.679419453960286,13.657781407497994
318,0.0,6.408588594126222,9.058370514454047,18.43234901991908,13.81299465567692,18.775713297587835,14.535334288330263,13.757148029774784
319,0.0,6.497483159693802,9.09976824491744,18.347979407365,13.69234991600355,18.77276197151163,14.617230008547772,13.844899228498148
320,0.0,6.228571045647592,8.747102543995577,18.359327350087007,13.913152661005444,18.916554364547967,14.657597673052331,13.737658392419467
321,0.0,5.279715977570619,7.073211563156118,18.827461560283098,14.892234410424756,20.13342790591674,14.515134767307924,13.287918380261129
322,0.0,5.308084967663568,6.398425469100969,19.17508637626434,15.171949341504602,20.984146840853786,14.45961029496767,13.044903476631829
323,0.0,5.202660231283195,6.266346680716559,19.90982793564201,16.00738466458302,20.99469361098578,13.51412073313979,12.111972811534596
324,0.0,5.975170782792383,7.013698748808568,19.29498732810327,15.75934880836536,21.08207331831269,12.815986632272772,11.672273093276754
325,0.0,6.452567308385376,7.082032148390963,19.12701107006248,15.614053933236915,20.8076019245453,12.560449927792876,11.995204390109013
326,0.0,6.457129203532882,7.168109534723341,19.42202816799337,15.490107029049955,20.44011187382733,12.599551256108528,12.138261762441276
327,0.0,8.034624462178561,7.974907329868587,17.797226398864563,13.163364984605856,18.42216223602053,14.771670138122232,13.655249494116308
328,0.0,8.695448747604225,8.377551288003454,17.226247883559058,12.075634803034433,18.086757230664865,15.894943983792787,13.892384026333598
329,0.0,8.638218367491271,8.22935551847963,17.335090510775963,11.822357521414569,17.680532853214444,16.042341879341198,14.415222023939585
330,0.0,8.792676068810454,8.69986796684972,17.27095589363408,11.78853957331694,17.07610971165854,16.244701675262252,15.202812698000356
331,0.0,8.558183163133473,9.359642717914475,17.06158752161777,11.755919013251637,17.128994643719825,16.407552182955232,15.033460302317788
332,0.0,8.190900806733389,9.692453921069612,17.07859440918748,12.3102075240997,16.937891775121102,16.46818178168674,15.430109200419407
333,0.0,8.312102778258081,10.79459656894442,16.702267870776026,13.020614484960626,16.419562893568017,16.195419153287265,15.968744161305976
334,0.0,8.605840502367592,11.762384038798398,16.049227539363113,13.352742386768517,16.169146475055683,16.384369270446584,16.67174948987552
335,0.0,8.532391126162603,12.52570993043709,15.695792789557304,13.571747967753652,16.07509313023143,16.25425342819313,17.071542742497098
336,0.0,8.288743723677195,13.280443593677203,15.624922075484658,13.738012794454043,15.865163566152576,16.336341788572266,17.430401014237585
337,0.0,8.050809214542516,13.685756797653877,15.39669844194983,13.84260252282514,15.797186981671446,16.503485453580243,17.410251095895212
338,0.0,7.866161485603159,13.889193409645513,15.43943301991744,14.002476939524678,15.847702632515391,16.484087721345734,17.340795831337033
339,0.0,7.465919872527778,13.354692127383316,15.677918508461174,13.946436207796088,15.900271249351922,16.211719951584282,16.537514263995845
340,0.0,7.335366546086003,12.596489887341033,16.111265772022715,13.83142950832509,16.152166475571388,16.12205121789312,15.55687570194365
341,0.0,7.041059663833267,12.060680710251033,16.705415782494697,13.653089545419457,16.381506130115735,16.364303986114553,15.018055670635146
342,0.0,6.2833731743307615,11.260033586049367,17.59175263785837,13.199804290203945,17.67396073564014,15.991230475670106,14.198714759975957
343,0.0,6.47814086003648,10.909736246379142,17.83607929398124,13.175357823731405,17.69364465739228,15.454336917713668,14.271541706888405
344,0.0,6.469554728085608,10.413941911236996,18.7504889346826,13.050152152504747,17.344144170153285,14.98494951170941,14.11425695221316
345,0.0,6.478486542246654,9.708021166952475,19.535782927482533,13.782307548910367,17.32187247052806,14.464344031583954,13.17282740519224
346,0.0,6.657722906015637,8.944376856630672,19.638408167728915,14.448389563149806,17.52085520051972,13.550606379197037,12.883299561472626
347,0.0,6.79285130297793,8.466531422059518,19.73060889722253,14.640890084935313,17.864398294556718,13.555508747930876,13.140490928825317
348,0.0,7.068303528299566,8.945801611150605,19.03482471338504,13.544127908475904,16.717322233787247,14.003545435195315,13.42241413854837
349,0.0,7.335221178144292,9.383720947540503,18.28679642800853,12.919939164586088,16.50749181985821,14.935588217049103,14.328917732731457
350,0.0,6.92133121951123,9.6411734954118,18.028635631785587,12.59179182459004,17.225214782282276,15.865712476607603,15.198683352238808
351,0.0,6.985094844904098,10.523327647780032,17.01459984291531,12.814032626434884,17.34421878114357,16.018195120348025,15.543313761807363
352,0.0,7.130265532787135,11.274710016587536,16.06642819731892,13.527514123300275,16.904530862243767,16.027589943067767,15.916481306546405
